<?xml version='1.0' encoding='utf-8'?>
<project xmlns:ns1="http://www.plcopen.org/xml/tc6_0201" xmlns:xhtml="http://www.w3.org/1999/xhtml" xmlns:xsd="http://www.w3.org/2001/XMLSchema" xmlns="http://www.plcopen.org/xml/tc6_0201">
  <fileHeader companyName="Nieznany" productName="Unnamed" productVersion="1" creationDateTime="2022-01-25T20:59:07"/>
  <contentHeader name="FactoryIO" modificationDateTime="2022-02-06T22:54:51">
    <coordinateInfo>
      <fbd>
        <scaling x="10" y="10"/>
      </fbd>
      <ld>
        <scaling x="10" y="10"/>
      </ld>
      <sfc>
        <scaling x="10" y="10"/>
      </sfc>
    </coordinateInfo>
  </contentHeader>
  <types>
    <dataTypes/>
    <pous>
      <pou name="FactoryIO" pouType="program">
        <interface>
          <localVars>
            <variable name="StartButton" address="%IX100.0">
              <type>
                <BOOL/>
              </type>
            </variable>
            <variable name="SafetyDooor" address="%IX100.1">
              <type>
                <BOOL/>
              </type>
            </variable>
            <variable name="Box_Not_Waiting" address="%IX100.2">
              <type>
                <BOOL/>
              </type>
            </variable>
            <variable name="Picker_Holding_Box" address="%IX100.3">
              <type>
                <BOOL/>
              </type>
            </variable>
            <variable name="Picker_Rotating" address="%IX100.4">
              <type>
                <BOOL/>
              </type>
            </variable>
            <variable name="Picker_Moving_Z" address="%IX100.5">
              <type>
                <BOOL/>
              </type>
            </variable>
            <variable name="Conveyor_Move" address="%QX100.0">
              <type>
                <BOOL/>
              </type>
            </variable>
            <variable name="Picker_Move_Down" address="%QX100.1">
              <type>
                <BOOL/>
              </type>
            </variable>
            <variable name="Picker_Grab" address="%QX100.2">
              <type>
                <BOOL/>
              </type>
            </variable>
            <variable name="Picker_Rotate_CCW" address="%QX100.3">
              <type>
                <BOOL/>
              </type>
            </variable>
            <variable name="Picker_Rotate_CW" address="%QX100.4">
              <type>
                <BOOL/>
              </type>
            </variable>
          </localVars>
          <localVars>
            <variable name="RUN">
              <type>
                <BOOL/>
              </type>
            </variable>
          </localVars>
        </interface>
        <body>
          <LD>
            <leftPowerRail localId="1" height="650" width="10">
              <position x="110" y="80"/>
              <connectionPointOut formalParameter="">
                <relPosition x="10" y="20"/>
              </connectionPointOut>
              <connectionPointOut formalParameter="">
                <relPosition x="10" y="140"/>
              </connectionPointOut>
              <connectionPointOut formalParameter="">
                <relPosition x="10" y="260"/>
              </connectionPointOut>
              <connectionPointOut formalParameter="">
                <relPosition x="10" y="390"/>
              </connectionPointOut>
              <connectionPointOut formalParameter="">
                <relPosition x="10" y="500"/>
              </connectionPointOut>
              <connectionPointOut formalParameter="">
                <relPosition x="10" y="630"/>
              </connectionPointOut>
            </leftPowerRail>
            <contact localId="2" height="20" width="21" negated="false">
              <position x="200" y="90"/>
              <connectionPointIn>
                <relPosition x="0" y="10"/>
                <connection refLocalId="1">
                  <position x="200" y="100"/>
                  <position x="120" y="100"/>
                </connection>
              </connectionPointIn>
              <connectionPointOut>
                <relPosition x="21" y="10"/>
              </connectionPointOut>
              <variable>StartButton</variable>
            </contact>
            <contact localId="3" height="20" width="21" negated="false">
              <position x="200" y="210"/>
              <connectionPointIn>
                <relPosition x="0" y="10"/>
                <connection refLocalId="1">
                  <position x="200" y="220"/>
                  <position x="120" y="220"/>
                </connection>
              </connectionPointIn>
              <connectionPointOut>
                <relPosition x="21" y="10"/>
              </connectionPointOut>
              <variable>RUN</variable>
            </contact>
            <contact localId="4" height="20" width="21" negated="false" executionOrderId="0">
              <position x="200" y="330"/>
              <connectionPointIn>
                <relPosition x="0" y="10"/>
                <connection refLocalId="1">
                  <position x="200" y="340"/>
                  <position x="120" y="340"/>
                </connection>
              </connectionPointIn>
              <connectionPointOut>
                <relPosition x="21" y="10"/>
              </connectionPointOut>
              <variable>RUN</variable>
            </contact>
            <contact localId="5" height="20" width="21" negated="false" executionOrderId="0">
              <position x="200" y="460"/>
              <connectionPointIn>
                <relPosition x="0" y="10"/>
                <connection refLocalId="1">
                  <position x="200" y="470"/>
                  <position x="120" y="470"/>
                </connection>
              </connectionPointIn>
              <connectionPointOut>
                <relPosition x="21" y="10"/>
              </connectionPointOut>
              <variable>RUN</variable>
            </contact>
            <contact localId="6" height="20" width="21" negated="false" executionOrderId="0">
              <position x="200" y="570"/>
              <connectionPointIn>
                <relPosition x="0" y="10"/>
                <connection refLocalId="1">
                  <position x="200" y="580"/>
                  <position x="120" y="580"/>
                </connection>
              </connectionPointIn>
              <connectionPointOut>
                <relPosition x="21" y="10"/>
              </connectionPointOut>
              <variable>RUN</variable>
            </contact>
            <contact localId="7" height="20" width="21" negated="false" executionOrderId="0">
              <position x="200" y="700"/>
              <connectionPointIn>
                <relPosition x="0" y="10"/>
                <connection refLocalId="1">
                  <position x="200" y="710"/>
                  <position x="120" y="710"/>
                </connection>
              </connectionPointIn>
              <connectionPointOut>
                <relPosition x="21" y="10"/>
              </connectionPointOut>
              <variable>RUN</variable>
            </contact>
            <contact localId="8" height="20" width="21" negated="false">
              <position x="330" y="210"/>
              <connectionPointIn>
                <relPosition x="0" y="10"/>
                <connection refLocalId="3">
                  <position x="330" y="220"/>
                  <position x="221" y="220"/>
                </connection>
              </connectionPointIn>
              <connectionPointOut>
                <relPosition x="21" y="10"/>
              </connectionPointOut>
              <variable>Box_Not_Waiting</variable>
            </contact>
            <contact localId="9" height="20" width="21" negated="false" executionOrderId="0">
              <position x="330" y="90"/>
              <connectionPointIn>
                <relPosition x="0" y="10"/>
                <connection refLocalId="2">
                  <position x="330" y="100"/>
                  <position x="221" y="100"/>
                </connection>
              </connectionPointIn>
              <connectionPointOut>
                <relPosition x="21" y="10"/>
              </connectionPointOut>
              <variable>SafetyDooor</variable>
            </contact>
            <contact localId="10" height="20" width="21" negated="false" executionOrderId="0" edge="falling">
              <position x="330" y="330"/>
              <connectionPointIn>
                <relPosition x="0" y="10"/>
                <connection refLocalId="4">
                  <position x="330" y="340"/>
                  <position x="221" y="340"/>
                </connection>
              </connectionPointIn>
              <connectionPointOut>
                <relPosition x="21" y="10"/>
              </connectionPointOut>
              <variable>Box_Not_Waiting</variable>
            </contact>
            <contact localId="11" height="20" width="21" negated="false" executionOrderId="0" edge="rising">
              <position x="330" y="460"/>
              <connectionPointIn>
                <relPosition x="0" y="10"/>
                <connection refLocalId="5">
                  <position x="330" y="470"/>
                  <position x="221" y="470"/>
                </connection>
              </connectionPointIn>
              <connectionPointOut>
                <relPosition x="21" y="10"/>
              </connectionPointOut>
              <variable>Picker_Holding_Box</variable>
            </contact>
            <contact localId="12" height="20" width="21" negated="false" executionOrderId="0" edge="falling">
              <position x="330" y="570"/>
              <connectionPointIn>
                <relPosition x="0" y="10"/>
                <connection refLocalId="6">
                  <position x="330" y="580"/>
                  <position x="221" y="580"/>
                </connection>
              </connectionPointIn>
              <connectionPointOut>
                <relPosition x="21" y="10"/>
              </connectionPointOut>
              <variable>Picker_Moving_Z</variable>
            </contact>
            <contact localId="13" height="20" width="21" negated="false" executionOrderId="0" edge="falling">
              <position x="330" y="700"/>
              <connectionPointIn>
                <relPosition x="0" y="10"/>
                <connection refLocalId="7">
                  <position x="330" y="710"/>
                  <position x="221" y="710"/>
                </connection>
              </connectionPointIn>
              <connectionPointOut>
                <relPosition x="21" y="10"/>
              </connectionPointOut>
              <variable>Picker_Rotating</variable>
            </contact>
            <coil localId="14" height="20" width="21" negated="false">
              <position x="790" y="90"/>
              <connectionPointIn>
                <relPosition x="0" y="10"/>
                <connection refLocalId="9">
                  <position x="790" y="100"/>
                  <position x="351" y="100"/>
                </connection>
              </connectionPointIn>
              <connectionPointOut>
                <relPosition x="21" y="10"/>
              </connectionPointOut>
              <variable>RUN</variable>
            </coil>
            <contact localId="15" height="20" width="21" negated="false">
              <position x="500" y="700"/>
              <connectionPointIn>
                <relPosition x="0" y="10"/>
                <connection refLocalId="13">
                  <position x="500" y="710"/>
                  <position x="351" y="710"/>
                </connection>
              </connectionPointIn>
              <connectionPointOut>
                <relPosition x="21" y="10"/>
              </connectionPointOut>
              <variable>Picker_Holding_Box</variable>
            </contact>
            <contact localId="16" height="20" width="21" negated="false" executionOrderId="0">
              <position x="500" y="570"/>
              <connectionPointIn>
                <relPosition x="0" y="10"/>
                <connection refLocalId="12">
                  <position x="500" y="580"/>
                  <position x="351" y="580"/>
                </connection>
              </connectionPointIn>
              <connectionPointOut>
                <relPosition x="21" y="10"/>
              </connectionPointOut>
              <variable>Picker_Holding_Box</variable>
            </contact>
            <contact localId="17" height="20" width="21" negated="true" executionOrderId="0">
              <position x="500" y="330"/>
              <connectionPointIn>
                <relPosition x="0" y="10"/>
                <connection refLocalId="10">
                  <position x="500" y="340"/>
                  <position x="351" y="340"/>
                </connection>
              </connectionPointIn>
              <connectionPointOut>
                <relPosition x="21" y="10"/>
              </connectionPointOut>
              <variable>Picker_Holding_Box</variable>
            </contact>
            <coil localId="18" height="20" width="21" negated="false" executionOrderId="0">
              <position x="790" y="210"/>
              <connectionPointIn>
                <relPosition x="0" y="10"/>
                <connection refLocalId="8">
                  <position x="790" y="220"/>
                  <position x="351" y="220"/>
                </connection>
              </connectionPointIn>
              <connectionPointOut>
                <relPosition x="21" y="10"/>
              </connectionPointOut>
              <variable>Conveyor_Move</variable>
            </coil>
            <coil localId="19" height="20" width="21" negated="false" executionOrderId="0" storage="set">
              <position x="790" y="330"/>
              <connectionPointIn>
                <relPosition x="0" y="10"/>
                <connection refLocalId="17">
                  <position x="790" y="340"/>
                  <position x="521" y="340"/>
                </connection>
              </connectionPointIn>
              <connectionPointOut>
                <relPosition x="21" y="10"/>
              </connectionPointOut>
              <variable>Picker_Move_Down</variable>
            </coil>
            <coil localId="20" height="20" width="21" negated="false" executionOrderId="0" storage="set">
              <position x="790" y="390"/>
              <connectionPointIn>
                <relPosition x="0" y="10"/>
                <connection refLocalId="17">
                  <position x="790" y="400"/>
                  <position x="655" y="400"/>
                  <position x="655" y="340"/>
                  <position x="521" y="340"/>
                </connection>
              </connectionPointIn>
              <connectionPointOut>
                <relPosition x="21" y="10"/>
              </connectionPointOut>
              <variable>Picker_Grab</variable>
            </coil>
            <coil localId="21" height="20" width="21" negated="false" executionOrderId="0" storage="reset">
              <position x="790" y="460"/>
              <connectionPointIn>
                <relPosition x="0" y="10"/>
                <connection refLocalId="11">
                  <position x="790" y="470"/>
                  <position x="351" y="470"/>
                </connection>
              </connectionPointIn>
              <connectionPointOut>
                <relPosition x="21" y="10"/>
              </connectionPointOut>
              <variable>Picker_Move_Down</variable>
            </coil>
            <coil localId="22" height="20" width="21" negated="false" executionOrderId="0" storage="reset">
              <position x="790" y="620"/>
              <connectionPointIn>
                <relPosition x="0" y="10"/>
                <connection refLocalId="16">
                  <position x="790" y="630"/>
                  <position x="645" y="630"/>
                  <position x="645" y="580"/>
                  <position x="521" y="580"/>
                </connection>
              </connectionPointIn>
              <connectionPointOut>
                <relPosition x="21" y="10"/>
              </connectionPointOut>
              <variable>Picker_Rotate_CW</variable>
            </coil>
            <coil localId="23" height="20" width="21" negated="false" executionOrderId="0" storage="set">
              <position x="790" y="570"/>
              <connectionPointIn>
                <relPosition x="0" y="10"/>
                <connection refLocalId="16">
                  <position x="790" y="580"/>
                  <position x="521" y="580"/>
                </connection>
              </connectionPointIn>
              <connectionPointOut>
                <relPosition x="21" y="10"/>
              </connectionPointOut>
              <variable>Picker_Rotate_CCW</variable>
            </coil>
            <coil localId="24" height="20" width="21" negated="false" executionOrderId="0" storage="reset">
              <position x="790" y="700"/>
              <connectionPointIn>
                <relPosition x="0" y="10"/>
                <connection refLocalId="15">
                  <position x="790" y="710"/>
                  <position x="521" y="710"/>
                </connection>
              </connectionPointIn>
              <connectionPointOut>
                <relPosition x="21" y="10"/>
              </connectionPointOut>
              <variable>Picker_Grab</variable>
            </coil>
            <coil localId="25" height="20" width="21" negated="false" executionOrderId="0" storage="set">
              <position x="790" y="750"/>
              <connectionPointIn>
                <relPosition x="0" y="10"/>
                <connection refLocalId="15">
                  <position x="790" y="760"/>
                  <position x="655" y="760"/>
                  <position x="655" y="710"/>
                  <position x="521" y="710"/>
                </connection>
              </connectionPointIn>
              <connectionPointOut>
                <relPosition x="21" y="10"/>
              </connectionPointOut>
              <variable>Picker_Rotate_CW</variable>
            </coil>
            <coil localId="26" height="20" width="21" negated="false" executionOrderId="0" storage="reset">
              <position x="790" y="800"/>
              <connectionPointIn>
                <relPosition x="0" y="10"/>
                <connection refLocalId="15">
                  <position x="790" y="810"/>
                  <position x="655" y="810"/>
                  <position x="655" y="710"/>
                  <position x="521" y="710"/>
                </connection>
              </connectionPointIn>
              <connectionPointOut>
                <relPosition x="21" y="10"/>
              </connectionPointOut>
              <variable>Picker_Rotate_CCW</variable>
            </coil>
          </LD>
        </body>
      </pou>
    </pous>
  </types>
  <instances>
    <configurations>
      <configuration name="Config0">
        <resource name="Res0">
          <task name="task0" priority="0" interval="T#20ms">
            <pouInstance name="instance0" typeName="FactoryIO"/>
          </task>
        </resource>
      </configuration>
    </configurations>
  </instances>
</project>
